,Identified_Name,Identified_dist
0,Desconocido,1.2088183164596558
1,Desconocido,1.2442452907562256
2,Desconocido,1.24736487865448
