,Identified_Name,Identified_dist
0,Desconocido,1.2196781635284424
1,Desconocido,0.9564692974090576
2,Desconocido,1.1719523668289185
